{"cameraMode":{"drawMode":0,"name":"Shaded","section":"Shading Mode"},"sceneLighting":false,"audioPlay":false,"sceneViewState":{"m_AlwaysRefresh":false,"showFog":true,"showSkybox":true,"showFlares":true,"showImageEffects":true,"showParticleSystems":true,"showVisualEffectGraphs":true,"m_FxEnabled":true},"in2DMode":false,"pivot":{"x":784.0179443359375,"y":19.402761459350587,"z":217.94712829589845},"rotation":{"x":-0.16422292590141297,"y":0.27501899003982546,"z":-0.04791581630706787,"w":-0.9462172389030457},"size":46.92534255981445,"orthographic":false}