{"cameraMode":{"drawMode":0,"name":"Shaded","section":"Shading Mode"},"sceneLighting":false,"audioPlay":false,"sceneViewState":{"m_AlwaysRefresh":false,"showFog":true,"showSkybox":true,"showFlares":true,"showImageEffects":true,"showParticleSystems":true,"showVisualEffectGraphs":true,"m_FxEnabled":true},"in2DMode":false,"pivot":{"x":381.6428527832031,"y":63.4029541015625,"z":120.72797393798828},"rotation":{"x":0.1526101529598236,"y":0.034088507294654849,"z":-0.0052628591656684879,"w":0.9876986742019653},"size":2.8835997581481935,"orthographic":false}