{"cameraMode":{"drawMode":0,"name":"Shaded","section":"Shading Mode"},"sceneLighting":false,"audioPlay":false,"sceneViewState":{"m_AlwaysRefresh":false,"showFog":true,"showSkybox":true,"showFlares":true,"showImageEffects":true,"showParticleSystems":true,"showVisualEffectGraphs":true,"m_FxEnabled":false},"in2DMode":false,"pivot":{"x":291.3551940917969,"y":56.359737396240237,"z":277.6235656738281},"rotation":{"x":-0.06116056814789772,"y":0.011621782556176186,"z":-0.0007248969632200897,"w":-0.9981477856636047},"size":32.414058685302737,"orthographic":false}