{"cameraMode":{"drawMode":0,"name":"Shaded","section":"Shading Mode"},"sceneLighting":true,"audioPlay":false,"sceneViewState":{"m_AlwaysRefresh":false,"showFog":true,"showSkybox":true,"showFlares":true,"showImageEffects":true,"showParticleSystems":true,"showVisualEffectGraphs":true,"m_FxEnabled":true},"in2DMode":false,"pivot":{"x":135.44540405273438,"y":23.870861053466798,"z":127.9963150024414},"rotation":{"x":0.1283680498600006,"y":0.6136652827262878,"z":-0.10199395567178726,"w":0.7723586559295654},"size":18.714597702026368,"orthographic":false}