{"cameraMode":{"drawMode":0,"name":"Shaded","section":"Shading Mode"},"sceneLighting":false,"audioPlay":false,"sceneViewState":{"m_AlwaysRefresh":false,"showFog":true,"showSkybox":true,"showFlares":true,"showImageEffects":true,"showParticleSystems":true,"showVisualEffectGraphs":true,"m_FxEnabled":true},"in2DMode":false,"pivot":{"x":-0.8752878308296204,"y":2.254944086074829,"z":1.9004359245300294},"rotation":{"x":-0.029645249247550966,"y":-0.058444418013095859,"z":-0.001736189122311771,"w":0.9978521466255188},"size":2.27126407623291,"orthographic":false}