{"cameraMode":{"drawMode":0,"name":"Shaded","section":"Shading Mode"},"sceneLighting":true,"audioPlay":false,"sceneViewState":{"m_AlwaysRefresh":false,"showFog":true,"showSkybox":true,"showFlares":true,"showImageEffects":true,"showParticleSystems":true,"showVisualEffectGraphs":true,"m_FxEnabled":true},"in2DMode":false,"pivot":{"x":277.3365478515625,"y":62.46012496948242,"z":233.39039611816407},"rotation":{"x":0.0663512796163559,"y":-0.17976169288158418,"z":0.01211926806718111,"w":0.9814256429672241},"size":1.7660253047943116,"orthographic":false}