{"cameraMode":{"drawMode":0,"name":"Shaded","section":"Shading Mode"},"sceneLighting":false,"audioPlay":false,"sceneViewState":{"m_AlwaysRefresh":false,"showFog":true,"showSkybox":true,"showFlares":true,"showImageEffects":true,"showParticleSystems":true,"showVisualEffectGraphs":true,"m_FxEnabled":true},"in2DMode":false,"pivot":{"x":487.69342041015627,"y":125.00209045410156,"z":114.20768737792969},"rotation":{"x":0.01914275251328945,"y":0.8892392516136169,"z":-0.037370048463344577,"w":0.45551133155822756},"size":203.28631591796876,"orthographic":false}