{"cameraMode":{"drawMode":0,"name":"Shaded","section":"Shading Mode"},"sceneLighting":false,"audioPlay":false,"sceneViewState":{"m_AlwaysRefresh":false,"showFog":true,"showSkybox":false,"showFlares":true,"showImageEffects":true,"showParticleSystems":true,"showVisualEffectGraphs":true,"m_FxEnabled":false},"in2DMode":false,"pivot":{"x":-3.349534511566162,"y":13.609359741210938,"z":1.7901297807693482},"rotation":{"x":-0.03260789066553116,"y":-0.07375669479370117,"z":0.0023783817887306215,"w":-0.9968242645263672},"size":19.81768035888672,"orthographic":false}