{"cameraMode":{"drawMode":0,"name":"Shaded","section":"Shading Mode"},"sceneLighting":false,"audioPlay":false,"sceneViewState":{"m_AlwaysRefresh":false,"showFog":true,"showSkybox":false,"showFlares":true,"showImageEffects":true,"showParticleSystems":true,"showVisualEffectGraphs":true,"m_FxEnabled":true},"in2DMode":false,"pivot":{"x":-3.717344045639038,"y":12.796292304992676,"z":0.12097834050655365},"rotation":{"x":0.16007433831691743,"y":-0.6579106450080872,"z":0.14601556956768037,"w":0.7212567329406738},"size":5.589269638061523,"orthographic":false}