{"cameraMode":{"drawMode":0,"name":"Shaded","section":"Shading Mode"},"sceneLighting":true,"audioPlay":false,"sceneViewState":{"m_AlwaysRefresh":false,"showFog":true,"showSkybox":true,"showFlares":true,"showImageEffects":true,"showParticleSystems":true,"showVisualEffectGraphs":true,"m_FxEnabled":true},"in2DMode":false,"pivot":{"x":345.3194580078125,"y":70.71726989746094,"z":228.39572143554688},"rotation":{"x":0.43316203355789187,"y":0.061855021864175799,"z":-0.029841000214219095,"w":0.8987858891487122},"size":35.27701187133789,"orthographic":false}