{"cameraMode":{"drawMode":0,"name":"Shaded","section":"Shading Mode"},"sceneLighting":true,"audioPlay":false,"sceneViewState":{"m_AlwaysRefresh":false,"showFog":true,"showSkybox":true,"showFlares":true,"showImageEffects":true,"showParticleSystems":true,"showVisualEffectGraphs":true,"m_FxEnabled":true},"in2DMode":false,"pivot":{"x":203.81454467773438,"y":1.592990517616272,"z":-5.904820919036865},"rotation":{"x":-0.08883247524499893,"y":0.47705551981925967,"z":-0.048533305525779727,"w":-0.8730465173721314},"size":5.998348236083984,"orthographic":false}