{"cameraMode":{"drawMode":0,"name":"Shaded","section":"Shading Mode"},"sceneLighting":true,"audioPlay":false,"sceneViewState":{"m_AlwaysRefresh":false,"showFog":true,"showSkybox":true,"showFlares":true,"showImageEffects":true,"showParticleSystems":true,"showVisualEffectGraphs":true,"m_FxEnabled":true},"in2DMode":false,"pivot":{"x":395.94085693359377,"y":62.937767028808597,"z":291.22283935546877},"rotation":{"x":-0.03712425380945206,"y":-0.8265775442123413,"z":0.054885927587747577,"w":-0.5589377284049988},"size":2.1803295612335207,"orthographic":false}