{"cameraMode":{"drawMode":0,"name":"Shaded","section":"Shading Mode"},"sceneLighting":false,"audioPlay":false,"sceneViewState":{"m_AlwaysRefresh":false,"showFog":true,"showSkybox":true,"showFlares":true,"showImageEffects":true,"showParticleSystems":true,"showVisualEffectGraphs":true,"m_FxEnabled":true},"in2DMode":false,"pivot":{"x":204.44100952148438,"y":1.673520803451538,"z":4.693475723266602},"rotation":{"x":-0.10004828125238419,"y":0.16905266046524049,"z":-0.01724061369895935,"w":-0.9803706407546997},"size":5.5340118408203129,"orthographic":false}