{"cameraMode":{"drawMode":0,"name":"Shaded","section":"Shading Mode"},"sceneLighting":false,"audioPlay":false,"sceneViewState":{"m_AlwaysRefresh":false,"showFog":true,"showSkybox":true,"showFlares":true,"showImageEffects":true,"showParticleSystems":true,"showVisualEffectGraphs":true,"m_FxEnabled":true},"in2DMode":false,"pivot":{"x":285.6537780761719,"y":60.18016052246094,"z":177.3407440185547},"rotation":{"x":0.11524254083633423,"y":0.8426348567008972,"z":-0.19952309131622315,"w":0.48671841621398928},"size":14.621712684631348,"orthographic":false}