{"cameraMode":{"drawMode":0,"name":"Shaded","section":"Shading Mode"},"sceneLighting":true,"audioPlay":false,"sceneViewState":{"m_AlwaysRefresh":false,"showFog":true,"showSkybox":true,"showFlares":true,"showImageEffects":true,"showParticleSystems":true,"showVisualEffectGraphs":true,"m_FxEnabled":true},"in2DMode":false,"pivot":{"x":347.6199645996094,"y":91.40074157714844,"z":177.00253295898438},"rotation":{"x":0.015424445271492005,"y":0.962165117263794,"z":-0.26628726720809939,"w":0.05575257167220116},"size":28.849868774414064,"orthographic":false}