{"cameraMode":{"drawMode":0,"name":"Shaded","section":"Shading Mode"},"sceneLighting":true,"audioPlay":false,"sceneViewState":{"m_AlwaysRefresh":false,"showFog":true,"showSkybox":true,"showFlares":true,"showImageEffects":true,"showParticleSystems":true,"showVisualEffectGraphs":true,"m_FxEnabled":true},"in2DMode":false,"pivot":{"x":553.8838500976563,"y":20.29051399230957,"z":54.433921813964847},"rotation":{"x":0.1663845330476761,"y":0.8091555833816528,"z":-0.27309271693229678,"w":0.49297773838043215},"size":46.819095611572269,"orthographic":false}