{"cameraMode":{"drawMode":0,"name":"Shaded","section":"Shading Mode"},"sceneLighting":true,"audioPlay":false,"sceneViewState":{"m_AlwaysRefresh":false,"showFog":true,"showSkybox":true,"showFlares":true,"showImageEffects":true,"showParticleSystems":true,"showVisualEffectGraphs":true,"m_FxEnabled":true},"in2DMode":false,"pivot":{"x":0.5104466676712036,"y":1.9485365152359009,"z":0.47489815950393679},"rotation":{"x":-0.03386446833610535,"y":-0.6575977802276611,"z":0.029611432924866678,"w":-0.7520272731781006},"size":2.7247447967529299,"orthographic":false}