{"cameraMode":{"drawMode":0,"name":"Shaded","section":"Shading Mode"},"sceneLighting":true,"audioPlay":false,"sceneViewState":{"m_AlwaysRefresh":false,"showFog":true,"showSkybox":true,"showFlares":true,"showImageEffects":true,"showParticleSystems":true,"showVisualEffectGraphs":true,"m_FxEnabled":true},"in2DMode":false,"pivot":{"x":347.4439392089844,"y":63.44123458862305,"z":263.4263916015625},"rotation":{"x":0.002390819601714611,"y":-0.08898268640041352,"z":0.00021005503367632627,"w":0.9960386753082275},"size":3.7863717079162599,"orthographic":false}