{"cameraMode":{"drawMode":0,"name":"Shaded","section":"Shading Mode"},"sceneLighting":false,"audioPlay":false,"sceneViewState":{"m_AlwaysRefresh":false,"showFog":true,"showSkybox":false,"showFlares":true,"showImageEffects":true,"showParticleSystems":true,"showVisualEffectGraphs":true,"m_FxEnabled":true},"in2DMode":false,"pivot":{"x":-0.041863441467285159,"y":6.550154685974121,"z":-1.5536293983459473},"rotation":{"x":0.08480720221996308,"y":0.8405607342720032,"z":-0.13789013028144837,"w":0.5169682502746582},"size":12.445919036865235,"orthographic":false}