{"cameraMode":{"drawMode":0,"name":"Shaded","section":"Shading Mode"},"sceneLighting":false,"audioPlay":false,"sceneViewState":{"m_AlwaysRefresh":false,"showFog":true,"showSkybox":true,"showFlares":true,"showImageEffects":true,"showParticleSystems":true,"showVisualEffectGraphs":true,"m_FxEnabled":true},"in2DMode":false,"pivot":{"x":1037.6431884765625,"y":519.4295043945313,"z":48.78656005859375},"rotation":{"x":0.054829321801662448,"y":0.03893114626407623,"z":-0.0021409427281469108,"w":0.9977424144744873},"size":992.3077392578125,"orthographic":false}