{"cameraMode":{"drawMode":0,"name":"Shaded","section":"Shading Mode"},"sceneLighting":false,"audioPlay":false,"sceneViewState":{"m_AlwaysRefresh":false,"showFog":true,"showSkybox":true,"showFlares":true,"showImageEffects":true,"showParticleSystems":true,"showVisualEffectGraphs":true,"m_FxEnabled":true},"in2DMode":false,"pivot":{"x":811.0139770507813,"y":38.400150299072269,"z":166.10183715820313},"rotation":{"x":0.02489808388054371,"y":-0.7767255902290344,"z":-0.030783381313085557,"w":-0.6286076903343201},"size":2.3084428310394289,"orthographic":false}