{"cameraMode":{"drawMode":0,"name":"Shaded","section":"Shading Mode"},"sceneLighting":false,"audioPlay":false,"sceneViewState":{"m_AlwaysRefresh":false,"showFog":true,"showSkybox":true,"showFlares":true,"showImageEffects":true,"showParticleSystems":true,"showVisualEffectGraphs":true,"m_FxEnabled":true},"in2DMode":false,"pivot":{"x":122.52378845214844,"y":35.78664779663086,"z":120.48572540283203},"rotation":{"x":-0.08550228923559189,"y":0.17743617296218873,"z":-0.015463771298527718,"w":-0.9803014397621155},"size":1.012895107269287,"orthographic":false}