{"cameraMode":{"drawMode":0,"name":"Shaded","section":"Shading Mode"},"sceneLighting":false,"audioPlay":false,"sceneViewState":{"m_AlwaysRefresh":false,"showFog":true,"showSkybox":true,"showFlares":true,"showImageEffects":true,"showParticleSystems":true,"showVisualEffectGraphs":true,"m_FxEnabled":true},"in2DMode":false,"pivot":{"x":479.4185485839844,"y":78.84710693359375,"z":98.75456237792969},"rotation":{"x":-0.013178960420191288,"y":-0.9146702885627747,"z":0.40288248658180239,"w":-0.029924385249614717},"size":169.3544158935547,"orthographic":false}