{"cameraMode":{"drawMode":0,"name":"Shaded","section":"Shading Mode"},"sceneLighting":true,"audioPlay":false,"sceneViewState":{"m_AlwaysRefresh":false,"showFog":true,"showSkybox":true,"showFlares":true,"showImageEffects":true,"showParticleSystems":true,"showVisualEffectGraphs":true,"m_FxEnabled":false},"in2DMode":false,"pivot":{"x":835.7571411132813,"y":576.6046142578125,"z":172.60089111328126},"rotation":{"x":0.033889785408973697,"y":-0.012549059465527535,"z":0.00041899370262399316,"w":0.9993599653244019},"size":821.3701782226563,"orthographic":false}