{"cameraMode":{"drawMode":0,"name":"Shaded","section":"Shading Mode"},"sceneLighting":false,"audioPlay":false,"sceneViewState":{"m_AlwaysRefresh":false,"showFog":true,"showSkybox":true,"showFlares":true,"showImageEffects":true,"showParticleSystems":true,"showVisualEffectGraphs":true,"m_FxEnabled":true},"in2DMode":false,"pivot":{"x":941.7872924804688,"y":488.4886779785156,"z":289.1851806640625},"rotation":{"x":0.0029982037376612427,"y":0.008397815749049187,"z":-0.00003000062315550167,"w":0.9999675154685974},"size":807.6051635742188,"orthographic":false}